capa,cabeza,bits,ratio_q2,veredicto
0,0,4,1.0208087118662161,cerca
0,0,8,1.01603458914002,cerca
0,1,4,1.0585672095607908,cerca
0,1,8,1.0576553577607437,cerca
0,2,4,1.0379928783455001,cerca
0,2,8,1.0402508727340447,cerca
0,3,4,1.088122321758337,cerca
0,3,8,1.0843928973228036,cerca
0,4,4,1.0318092843681388,cerca
0,4,8,1.0342383046906463,cerca
0,5,4,1.0286949549130788,cerca
0,5,8,1.032732563117274,cerca
0,6,4,1.0391905148064988,cerca
0,6,8,1.0422617203116535,cerca
0,7,4,1.0104901292039423,cerca
0,7,8,1.0157892412971004,cerca
0,8,4,1.0182222046472154,cerca
0,8,8,1.0197532754221177,cerca
0,9,4,1.0212983766341885,cerca
0,9,8,1.0186892095187023,cerca
0,10,4,1.0430047700735137,cerca
0,10,8,1.0399652068628924,cerca
0,11,4,1.0166689071256603,cerca
0,11,8,1.0133360194016463,cerca
0,12,4,1.0266519536170904,cerca
0,12,8,1.0221476455003475,cerca
0,13,4,1.088193134346684,cerca
0,13,8,1.0957189769496467,cerca
0,14,4,1.0255377763374163,cerca
0,14,8,1.0222819527768559,cerca
0,15,4,1.0291931789765723,cerca
0,15,8,1.0255204309447115,cerca
1,0,4,1.0268890504295474,cerca
1,0,8,1.0291704131179509,cerca
1,1,4,1.025902405013262,cerca
1,1,8,1.0229975299557732,cerca
1,2,4,1.0073404746977845,cerca
1,2,8,1.0069640332622367,cerca
1,3,4,1.0172862739295185,cerca
1,3,8,1.0156401693621733,cerca
1,4,4,1.0311792224138578,cerca
1,4,8,1.0291915563171505,cerca
1,5,4,1.0135515242110835,cerca
1,5,8,1.0092453975427924,cerca
1,6,4,1.0139167349574874,cerca
1,6,8,1.0109282160379542,cerca
1,7,4,1.0264641526389071,cerca
1,7,8,1.0238861622660764,cerca
1,8,4,1.0300899297632122,cerca
1,8,8,1.0355461960767853,cerca
1,9,4,1.008012509226466,cerca
1,9,8,1.0126032415493542,cerca
1,10,4,1.0304460585398612,cerca
1,10,8,1.031599036692877,cerca
1,11,4,1.0355721248642222,cerca
1,11,8,1.0340842155218826,cerca
1,12,4,1.0259185939580375,cerca
1,12,8,1.0300026086538763,cerca
1,13,4,1.0170212452349285,cerca
1,13,8,1.009784716416486,cerca
1,14,4,1.0644619862344733,cerca
1,14,8,1.0647049956790196,cerca
1,15,4,1.0300440682378413,cerca
1,15,8,1.0302570248050265,cerca
2,0,4,1.0061553942747994,cerca
2,0,8,1.0063799960939683,cerca
2,1,4,1.0325764913552253,cerca
2,1,8,1.0381649057726587,cerca
2,2,4,1.0292726178005047,cerca
2,2,8,1.0229976618633363,cerca
2,3,4,1.0324283226542657,cerca
2,3,8,1.0270628812574651,cerca
2,4,4,1.0284761781687943,cerca
2,4,8,1.0253742461230217,cerca
2,5,4,1.0252182331753035,cerca
2,5,8,1.028701725314696,cerca
2,6,4,1.0221871134092184,cerca
2,6,8,1.02876719333227,cerca
2,7,4,1.037252857474384,cerca
2,7,8,1.0311974602724094,cerca
2,8,4,1.0300130926452364,cerca
2,8,8,1.0323565102405723,cerca
2,9,4,1.0327879823260748,cerca
2,9,8,1.0335011093722046,cerca
2,10,4,1.0132870385316346,cerca
2,10,8,1.0074097290938728,cerca
2,11,4,1.0331574166484452,cerca
2,11,8,1.025119938725886,cerca
2,12,4,1.0360634459386335,cerca
2,12,8,1.0247165688117696,cerca
2,13,4,1.0157194053719054,cerca
2,13,8,1.01664769785197,cerca
2,14,4,1.0540781134501525,cerca
2,14,8,1.0544128926702403,cerca
2,15,4,1.007434691295194,cerca
2,15,8,1.008170193743721,cerca
3,0,4,1.0285197805541988,cerca
3,0,8,1.0324624170919348,cerca
3,1,4,1.053973358758222,cerca
3,1,8,1.0574202198928309,cerca
3,2,4,1.0281817870963113,cerca
3,2,8,1.026727834005043,cerca
3,3,4,1.0030308627240607,cerca
3,3,8,1.0064831999151698,cerca
3,4,4,1.0357771691285427,cerca
3,4,8,1.0336317411091993,cerca
3,5,4,1.0096466516707445,cerca
3,5,8,1.011906566279761,cerca
3,6,4,1.0127797055671965,cerca
3,6,8,1.0118229696486354,cerca
3,7,4,1.0209441557692571,cerca
3,7,8,1.0191308880698235,cerca
3,8,4,1.0181077736708968,cerca
3,8,8,1.01848723015097,cerca
3,9,4,1.0326010674767245,cerca
3,9,8,1.0311503368509891,cerca
3,10,4,1.030147666357129,cerca
3,10,8,1.030353651153725,cerca
3,11,4,1.0328773671686042,cerca
3,11,8,1.027365581089438,cerca
3,12,4,1.0305924160030056,cerca
3,12,8,1.036733985334516,cerca
3,13,4,1.0122084741673407,cerca
3,13,8,1.0152795630917408,cerca
3,14,4,1.0357363110841489,cerca
3,14,8,1.0362246338354355,cerca
3,15,4,1.011584727757076,cerca
3,15,8,1.0068912708193776,cerca
4,0,4,1.0302668750243626,cerca
4,0,8,1.0328066153531739,cerca
4,1,4,1.0207770040790076,cerca
4,1,8,1.0127111485798301,cerca
4,2,4,1.0288764074232226,cerca
4,2,8,1.0315140685940758,cerca
4,3,4,1.0257560024052326,cerca
4,3,8,1.0257089180247145,cerca
4,4,4,1.0191198809917272,cerca
4,4,8,1.0218980690133628,cerca
4,5,4,1.04743270483708,cerca
4,5,8,1.048049149175859,cerca
4,6,4,1.0227188273844279,cerca
4,6,8,1.0228429074417271,cerca
4,7,4,1.0209481482735263,cerca
4,7,8,1.022981533113198,cerca
4,8,4,1.0069444942283388,cerca
4,8,8,1.0083940126481936,cerca
4,9,4,1.0141031289999753,cerca
4,9,8,1.0150290613533288,cerca
4,10,4,1.0185616265686261,cerca
4,10,8,1.0211312740921776,cerca
4,11,4,1.0392669614402297,cerca
4,11,8,1.0332775416663855,cerca
4,12,4,1.0509154268525063,cerca
4,12,8,1.046359649471505,cerca
4,13,4,1.0284910520387465,cerca
4,13,8,1.0289170821010012,cerca
4,14,4,1.0105339460644414,cerca
4,14,8,1.0143384134696434,cerca
4,15,4,1.0290040562427687,cerca
4,15,8,1.034477477875073,cerca
5,0,4,1.0353849084321638,cerca
5,0,8,1.0407081191207272,cerca
5,1,4,1.0176927959399609,cerca
5,1,8,1.0167603775619105,cerca
5,2,4,1.0227773968985954,cerca
5,2,8,1.0139010842613279,cerca
5,3,4,1.0299647479150211,cerca
5,3,8,1.0275360013255912,cerca
5,4,4,1.0224629044105822,cerca
5,4,8,1.0223572464798882,cerca
5,5,4,1.0243416442883513,cerca
5,5,8,1.0262465815669222,cerca
5,6,4,1.018233487329495,cerca
5,6,8,1.016207230242853,cerca
5,7,4,1.0119071737866807,cerca
5,7,8,1.0131946690004614,cerca
5,8,4,1.008463039207053,cerca
5,8,8,1.010856321903843,cerca
5,9,4,1.032243171335275,cerca
5,9,8,1.029285837260146,cerca
5,10,4,1.0097579377524881,cerca
5,10,8,1.0134848159822394,cerca
5,11,4,1.0016235858150742,cerca
5,11,8,0.9976756874071592,cerca
5,12,4,1.0141873947665783,cerca
5,12,8,1.0170453217313702,cerca
5,13,4,1.0224636124535218,cerca
5,13,8,1.0173686809260225,cerca
5,14,4,1.0097586489096422,cerca
5,14,8,1.0105343033773986,cerca
5,15,4,1.0130726050784848,cerca
5,15,8,1.01461595641661,cerca
6,0,4,1.036946670431449,cerca
6,0,8,1.0367495498424149,cerca
6,1,4,1.0248228714196188,cerca
6,1,8,1.0254712367337149,cerca
6,2,4,1.0111330417175461,cerca
6,2,8,1.0184315983199477,cerca
6,3,4,1.0127440862164894,cerca
6,3,8,1.0129726133313797,cerca
6,4,4,1.028731245869208,cerca
6,4,8,1.0248373940496622,cerca
6,5,4,1.0139279426810983,cerca
6,5,8,1.0112896914066116,cerca
6,6,4,1.0259740581815295,cerca
6,6,8,1.021352424010963,cerca
6,7,4,1.0116930617722868,cerca
6,7,8,1.010661961126193,cerca
6,8,4,1.0206521889758813,cerca
6,8,8,1.0212989269882626,cerca
6,9,4,1.028188624516912,cerca
6,9,8,1.0270715444025096,cerca
6,10,4,1.0122641974960453,cerca
6,10,8,1.0139739527245104,cerca
6,11,4,1.0213289599146744,cerca
6,11,8,1.0210601582846537,cerca
6,12,4,1.0055967501694856,cerca
6,12,8,1.0023158668720082,cerca
6,13,4,1.0214345829909102,cerca
6,13,8,1.0266352608584643,cerca
6,14,4,1.0211874410839716,cerca
6,14,8,1.0273613087934343,cerca
6,15,4,1.0195994466349108,cerca
6,15,8,1.013334977142547,cerca
7,0,4,1.0258101369198338,cerca
7,0,8,1.0228688866608642,cerca
7,1,4,1.0160125954449908,cerca
7,1,8,1.0189880827850404,cerca
7,2,4,1.0379743888828454,cerca
7,2,8,1.0361367185355026,cerca
7,3,4,1.015234335753184,cerca
7,3,8,1.0193552406233686,cerca
7,4,4,1.0339150213574713,cerca
7,4,8,1.0299171006219834,cerca
7,5,4,1.027439095336284,cerca
7,5,8,1.0303488713531694,cerca
7,6,4,1.0125361935894233,cerca
7,6,8,1.0154848441084423,cerca
7,7,4,1.0342362255485296,cerca
7,7,8,1.0370430191208866,cerca
7,8,4,1.0220761418687272,cerca
7,8,8,1.0187460066034335,cerca
7,9,4,1.0261880278207773,cerca
7,9,8,1.0238993259785658,cerca
7,10,4,1.0172510887361808,cerca
7,10,8,1.0168446734452015,cerca
7,11,4,0.9997519921179983,cerca
7,11,8,1.002608609154404,cerca
7,12,4,1.0148668896266766,cerca
7,12,8,1.0158037119008572,cerca
7,13,4,1.0126389585993205,cerca
7,13,8,1.0163452278918563,cerca
7,14,4,1.017372568570005,cerca
7,14,8,1.023806018262969,cerca
7,15,4,1.0146734609335273,cerca
7,15,8,1.0146775690843604,cerca
8,0,4,1.0239424002327617,cerca
8,0,8,1.0225118860976445,cerca
8,1,4,1.0303011997764888,cerca
8,1,8,1.0280221560975913,cerca
8,2,4,1.000055049266775,cerca
8,2,8,1.0004428890131407,cerca
8,3,4,1.0143346716148376,cerca
8,3,8,1.014545805152495,cerca
8,4,4,1.042352643748646,cerca
8,4,8,1.0395689603952367,cerca
8,5,4,1.0296298827463308,cerca
8,5,8,1.0268503630725927,cerca
8,6,4,1.0344375187622543,cerca
8,6,8,1.034002575876105,cerca
8,7,4,1.013534656679832,cerca
8,7,8,1.009155606648555,cerca
8,8,4,1.0108459062258117,cerca
8,8,8,1.0140224907668123,cerca
8,9,4,1.0275281082238454,cerca
8,9,8,1.0223276627147118,cerca
8,10,4,1.0386508959992171,cerca
8,10,8,1.0351047717059787,cerca
8,11,4,1.0102453296692624,cerca
8,11,8,1.0139666426493161,cerca
8,12,4,1.0130821007448523,cerca
8,12,8,1.0153962987764182,cerca
8,13,4,1.020452203000726,cerca
8,13,8,1.027035841353997,cerca
8,14,4,1.0140249965763957,cerca
8,14,8,1.0129791050279835,cerca
8,15,4,1.0386111483024691,cerca
8,15,8,1.0341855587587752,cerca
9,0,4,1.0152611195942949,cerca
9,0,8,1.014347900242836,cerca
9,1,4,1.0126485100730742,cerca
9,1,8,1.0195940732994186,cerca
9,2,4,1.0240999375669646,cerca
9,2,8,1.0202194921318704,cerca
9,3,4,1.0126867812139837,cerca
9,3,8,1.0116170009512495,cerca
9,4,4,1.0290931023066752,cerca
9,4,8,1.0275731140361115,cerca
9,5,4,1.0224599657740567,cerca
9,5,8,1.0209771184806826,cerca
9,6,4,1.0252934744875375,cerca
9,6,8,1.0308509959396541,cerca
9,7,4,0.995755283373622,cerca
9,7,8,0.9984301306055416,cerca
9,8,4,1.026956613453574,cerca
9,8,8,1.0266653849460312,cerca
9,9,4,1.024641084239752,cerca
9,9,8,1.024020673325742,cerca
9,10,4,1.0230648651556025,cerca
9,10,8,1.022390661047496,cerca
9,11,4,1.0224956364152222,cerca
9,11,8,1.0184743458755505,cerca
9,12,4,1.0197397017602765,cerca
9,12,8,1.0144320013559116,cerca
9,13,4,1.0311001040684382,cerca
9,13,8,1.0296838047894292,cerca
9,14,4,1.0032455605245,cerca
9,14,8,1.000599786164509,cerca
9,15,4,1.0128307801872194,cerca
9,15,8,1.0194474840919434,cerca
10,0,4,1.0116223026654225,cerca
10,0,8,1.0122626118233888,cerca
10,1,4,1.0111603302302752,cerca
10,1,8,1.0148211627814807,cerca
10,2,4,1.0228478796180276,cerca
10,2,8,1.0289556946907565,cerca
10,3,4,1.0178838952576728,cerca
10,3,8,1.0191307533836673,cerca
10,4,4,1.0288523914411802,cerca
10,4,8,1.0304585378585982,cerca
10,5,4,1.0125751605426814,cerca
10,5,8,1.0142722954012358,cerca
10,6,4,1.0130712546715972,cerca
10,6,8,1.0135265509931743,cerca
10,7,4,1.027365491753501,cerca
10,7,8,1.0278599372151154,cerca
10,8,4,1.0204239482276345,cerca
10,8,8,1.0168311759480766,cerca
10,9,4,1.0326352321873848,cerca
10,9,8,1.0323001363240751,cerca
10,10,4,1.0086189561752141,cerca
10,10,8,1.0134858590159672,cerca
10,11,4,1.0074322123828054,cerca
10,11,8,1.010979957527462,cerca
10,12,4,1.0397999285730417,cerca
10,12,8,1.035401341265635,cerca
10,13,4,1.0188711418061756,cerca
10,13,8,1.013966703150779,cerca
10,14,4,1.020673499351545,cerca
10,14,8,1.0172564488675324,cerca
10,15,4,1.0217530070605076,cerca
10,15,8,1.0216425104898004,cerca
11,0,4,1.0066568113595884,cerca
11,0,8,1.0090806821353142,cerca
11,1,4,1.026990390803007,cerca
11,1,8,1.024929060164613,cerca
11,2,4,1.0111524387360769,cerca
11,2,8,1.0152760471193636,cerca
11,3,4,1.0261839813316354,cerca
11,3,8,1.0245588962991636,cerca
11,4,4,1.025776046524409,cerca
11,4,8,1.0228723645041593,cerca
11,5,4,1.0298011615295275,cerca
11,5,8,1.0269163572620856,cerca
11,6,4,1.0171233710938583,cerca
11,6,8,1.0161827249076694,cerca
11,7,4,1.0191032534283908,cerca
11,7,8,1.02036856716951,cerca
11,8,4,1.0125457201962844,cerca
11,8,8,1.0116558214117692,cerca
11,9,4,1.0132657752874747,cerca
11,9,8,1.0106156140844187,cerca
11,10,4,1.01930522848225,cerca
11,10,8,1.0190780846223408,cerca
11,11,4,1.0217461044881506,cerca
11,11,8,1.0196341989932052,cerca
11,12,4,1.020133329183802,cerca
11,12,8,1.0184368732363402,cerca
11,13,4,1.0188345518132103,cerca
11,13,8,1.0204221913152358,cerca
11,14,4,1.0168649859392458,cerca
11,14,8,1.0186962445452656,cerca
11,15,4,1.0144745146233485,cerca
11,15,8,1.015578487378316,cerca
12,0,4,1.010051331622055,cerca
12,0,8,1.0107491921173362,cerca
12,1,4,1.0226804350163372,cerca
12,1,8,1.0212512746293725,cerca
12,2,4,1.033814923470869,cerca
12,2,8,1.0299316559800784,cerca
12,3,4,1.0139673197649381,cerca
12,3,8,1.0098378248064044,cerca
12,4,4,1.0058101410850309,cerca
12,4,8,1.0064203924977424,cerca
12,5,4,0.9975980064248288,cerca
12,5,8,1.0054704949322733,cerca
12,6,4,1.0242250047801296,cerca
12,6,8,1.0290987131182612,cerca
12,7,4,1.0121696518030925,cerca
12,7,8,1.011539128133096,cerca
12,8,4,1.0194913544252853,cerca
12,8,8,1.0179412037388134,cerca
12,9,4,1.0101608308992616,cerca
12,9,8,1.0112763177281654,cerca
12,10,4,0.9956171324367686,cerca
12,10,8,0.9961663645629689,cerca
12,11,4,1.0138666373039622,cerca
12,11,8,1.0165213581704566,cerca
12,12,4,1.0286375926832036,cerca
12,12,8,1.0361083810933274,cerca
12,13,4,1.0125965775985455,cerca
12,13,8,1.0146594762457122,cerca
12,14,4,1.0085778527130007,cerca
12,14,8,1.01306134697095,cerca
12,15,4,1.0305330771298373,cerca
12,15,8,1.032074796207278,cerca
13,0,4,1.0155120576678225,cerca
13,0,8,1.017835282344068,cerca
13,1,4,1.0241445491879426,cerca
13,1,8,1.0231537073542412,cerca
13,2,4,1.0274978852005014,cerca
13,2,8,1.0273574891145856,cerca
13,3,4,1.0174552154592653,cerca
13,3,8,1.0154132885556166,cerca
13,4,4,1.0063411547250263,cerca
13,4,8,1.0043659888870788,cerca
13,5,4,1.030638056326016,cerca
13,5,8,1.02914387714055,cerca
13,6,4,1.0126046756610523,cerca
13,6,8,1.0126107318761242,cerca
13,7,4,1.0159907273928068,cerca
13,7,8,1.0169108889459575,cerca
13,8,4,0.9996531668745408,cerca
13,8,8,0.9999177475691837,cerca
13,9,4,1.002868985678116,cerca
13,9,8,1.0012632272883517,cerca
13,10,4,1.0133749463908985,cerca
13,10,8,1.0133131776941071,cerca
13,11,4,1.0317410969501395,cerca
13,11,8,1.030017176804591,cerca
13,12,4,1.0181210540775243,cerca
13,12,8,1.0192260079979292,cerca
13,13,4,1.0307163987686692,cerca
13,13,8,1.0332231578732654,cerca
13,14,4,1.0299411100004325,cerca
13,14,8,1.0323417666705659,cerca
13,15,4,1.0151577207576794,cerca
13,15,8,1.0176031752833576,cerca
14,0,4,1.0409694942787964,cerca
14,0,8,1.041448108553833,cerca
14,1,4,1.0248884306062482,cerca
14,1,8,1.0189624116856093,cerca
14,2,4,1.007615719021575,cerca
14,2,8,1.0041077040696726,cerca
14,3,4,0.9932595778651698,cerca
14,3,8,1.000184286331012,cerca
14,4,4,1.0344534689184932,cerca
14,4,8,1.0341078840513316,cerca
14,5,4,1.0221660290244652,cerca
14,5,8,1.0164808404974461,cerca
14,6,4,1.0129050934861452,cerca
14,6,8,1.0168155172545636,cerca
14,7,4,1.0158035839653379,cerca
14,7,8,1.0159710782002866,cerca
14,8,4,0.9812913552704113,cerca
14,8,8,0.9842299703477475,cerca
14,9,4,1.014887833664994,cerca
14,9,8,1.0183561388230702,cerca
14,10,4,1.0314223682926484,cerca
14,10,8,1.028289058434722,cerca
14,11,4,1.023628836061079,cerca
14,11,8,1.0238339680767359,cerca
14,12,4,1.0434468107709411,cerca
14,12,8,1.0471810406425783,cerca
14,13,4,1.0252767425308544,cerca
14,13,8,1.0202378668226346,cerca
14,14,4,1.0205020059682641,cerca
14,14,8,1.0223467496653786,cerca
14,15,4,1.0174699000097025,cerca
14,15,8,1.0221825705209329,cerca
15,0,4,1.0111537801645776,cerca
15,0,8,1.013000317246528,cerca
15,1,4,1.0290762440065555,cerca
15,1,8,1.0281289730082694,cerca
15,2,4,1.0298299086556573,cerca
15,2,8,1.0347270012649052,cerca
15,3,4,1.016176642300602,cerca
15,3,8,1.0183270232572115,cerca
15,4,4,1.0160990210012253,cerca
15,4,8,1.0173100704430316,cerca
15,5,4,1.0147095301766087,cerca
15,5,8,1.0146630785778665,cerca
15,6,4,1.0122285042358306,cerca
15,6,8,1.0159412223323165,cerca
15,7,4,1.0280137208906173,cerca
15,7,8,1.0303538012966063,cerca
15,8,4,1.0247655234794169,cerca
15,8,8,1.0260613833074619,cerca
15,9,4,1.0135842683454424,cerca
15,9,8,1.0140336645416794,cerca
15,10,4,1.0272568772677846,cerca
15,10,8,1.023123697002414,cerca
15,11,4,1.0153025946563932,cerca
15,11,8,1.0149100746822795,cerca
15,12,4,1.013079503153997,cerca
15,12,8,1.0116757664775373,cerca
15,13,4,1.02106271235718,cerca
15,13,8,1.021712209264105,cerca
15,14,4,1.0200575467124178,cerca
15,14,8,1.0180065157405853,cerca
15,15,4,1.0165104678419488,cerca
15,15,8,1.0196776879122142,cerca
16,0,4,1.0252162241034066,cerca
16,0,8,1.0258413157913562,cerca
16,1,4,1.0018177902597953,cerca
16,1,8,0.9984369535966551,cerca
16,2,4,1.0125559760437794,cerca
16,2,8,1.0135851333794481,cerca
16,3,4,1.0042086849230099,cerca
16,3,8,1.0023353138682907,cerca
16,4,4,1.0211684828906797,cerca
16,4,8,1.0194181876338668,cerca
16,5,4,1.031939860875109,cerca
16,5,8,1.0324729748736103,cerca
16,6,4,1.02722554191275,cerca
16,6,8,1.026509966557089,cerca
16,7,4,1.0298155669118867,cerca
16,7,8,1.0286217373104793,cerca
16,8,4,1.0335637723205175,cerca
16,8,8,1.0308380066178968,cerca
16,9,4,1.0322024729072605,cerca
16,9,8,1.0267130972802478,cerca
16,10,4,1.0033836209466482,cerca
16,10,8,1.0053123456190711,cerca
16,11,4,1.0205845505346405,cerca
16,11,8,1.024815686546742,cerca
16,12,4,1.0224674559077662,cerca
16,12,8,1.0209048948438681,cerca
16,13,4,1.0106615250919908,cerca
16,13,8,1.0117261385479501,cerca
16,14,4,1.0170375576755952,cerca
16,14,8,1.0163850346241485,cerca
16,15,4,1.0169008707722855,cerca
16,15,8,1.0153314468746282,cerca
17,0,4,1.032560640707807,cerca
17,0,8,1.0288613898856105,cerca
17,1,4,1.0155109193171465,cerca
17,1,8,1.0167512415561468,cerca
17,2,4,1.0162972005877067,cerca
17,2,8,1.017633329506412,cerca
17,3,4,1.0107572058130594,cerca
17,3,8,1.0101668449579602,cerca
17,4,4,1.0240225672423173,cerca
17,4,8,1.0243679241028625,cerca
17,5,4,1.021600229642038,cerca
17,5,8,1.0227903093253718,cerca
17,6,4,1.0207092818194043,cerca
17,6,8,1.018312879563,cerca
17,7,4,1.0311127397972413,cerca
17,7,8,1.032337134075703,cerca
17,8,4,1.026397329733301,cerca
17,8,8,1.0324573812841848,cerca
17,9,4,1.017406278558952,cerca
17,9,8,1.0152234276645036,cerca
17,10,4,1.0246927439571594,cerca
17,10,8,1.0266688270867943,cerca
17,11,4,1.0100667193945796,cerca
17,11,8,1.0093024578518046,cerca
17,12,4,1.0159756319086066,cerca
17,12,8,1.0144077653480148,cerca
17,13,4,1.0096359419285645,cerca
17,13,8,1.011477371727144,cerca
17,14,4,1.0064432194109252,cerca
17,14,8,1.0074603305017837,cerca
17,15,4,1.0205065832573612,cerca
17,15,8,1.0213998085644218,cerca
18,0,4,1.0178206873643538,cerca
18,0,8,1.0135414591860263,cerca
18,1,4,1.027870337874964,cerca
18,1,8,1.0237641111729374,cerca
18,2,4,1.0268959645389508,cerca
18,2,8,1.027625808662879,cerca
18,3,4,1.003809905227099,cerca
18,3,8,1.0077253914845472,cerca
18,4,4,1.02898421950815,cerca
18,4,8,1.026563083775138,cerca
18,5,4,1.0207565814111408,cerca
18,5,8,1.0143853899415503,cerca
18,6,4,1.0185191997840086,cerca
18,6,8,1.0223943534436608,cerca
18,7,4,1.0348816668011867,cerca
18,7,8,1.0361034212785307,cerca
18,8,4,0.999763900413467,cerca
18,8,8,1.0004965747310042,cerca
18,9,4,1.0037015152496684,cerca
18,9,8,1.0082808524809184,cerca
18,10,4,1.015673127648703,cerca
18,10,8,1.0116749974253896,cerca
18,11,4,1.0135616683115047,cerca
18,11,8,1.0105192857788454,cerca
18,12,4,1.0210244215277677,cerca
18,12,8,1.0225326033326951,cerca
18,13,4,1.0079903672847568,cerca
18,13,8,1.0020475513926348,cerca
18,14,4,1.0258910314015897,cerca
18,14,8,1.025966017889757,cerca
18,15,4,1.0305662927451116,cerca
18,15,8,1.0299506554932432,cerca
19,0,4,1.0159059366251393,cerca
19,0,8,1.016812301510166,cerca
19,1,4,1.0116362023721857,cerca
19,1,8,1.0113356666651887,cerca
19,2,4,1.01644315362985,cerca
19,2,8,1.011166924369285,cerca
19,3,4,1.0182295394259595,cerca
19,3,8,1.0166158976773674,cerca
19,4,4,1.0146180827835551,cerca
19,4,8,1.0145259869551242,cerca
19,5,4,1.0187172938356268,cerca
19,5,8,1.0177107041587485,cerca
19,6,4,1.0236407452233238,cerca
19,6,8,1.0199230442855127,cerca
19,7,4,1.0229571941512574,cerca
19,7,8,1.0278887960456031,cerca
19,8,4,1.0155080163915853,cerca
19,8,8,1.0128048771242217,cerca
19,9,4,1.024236437606128,cerca
19,9,8,1.0227734502192347,cerca
19,10,4,1.0063751415534323,cerca
19,10,8,1.0028095161003092,cerca
19,11,4,1.0323602837627979,cerca
19,11,8,1.0346648169194006,cerca
19,12,4,1.0104639387389964,cerca
19,12,8,1.00867243443784,cerca
19,13,4,1.0280098876090138,cerca
19,13,8,1.0277880841624756,cerca
19,14,4,1.0046543909874044,cerca
19,14,8,1.0075185225266141,cerca
19,15,4,1.0241849771676583,cerca
19,15,8,1.025409520093575,cerca
20,0,4,1.0184236860132347,cerca
20,0,8,1.0196806270093997,cerca
20,1,4,1.0262377640571851,cerca
20,1,8,1.0255211929031867,cerca
20,2,4,1.029223393087491,cerca
20,2,8,1.0255064648161643,cerca
20,3,4,1.024666617423202,cerca
20,3,8,1.0218371205260193,cerca
20,4,4,1.0195862916873806,cerca
20,4,8,1.025262482620216,cerca
20,5,4,1.0025502223547393,cerca
20,5,8,1.0021303861679312,cerca
20,6,4,1.008256661312715,cerca
20,6,8,1.0091743174525,cerca
20,7,4,1.0219543208988908,cerca
20,7,8,1.02762584917159,cerca
20,8,4,1.0096182551131874,cerca
20,8,8,1.009381274025474,cerca
20,9,4,1.0146328270828457,cerca
20,9,8,1.0109655502487584,cerca
20,10,4,1.0110910437509921,cerca
20,10,8,1.0141218033283794,cerca
20,11,4,1.0159249479995878,cerca
20,11,8,1.0107315244507957,cerca
20,12,4,1.005065011789452,cerca
20,12,8,1.0057701808757253,cerca
20,13,4,1.0204043753150218,cerca
20,13,8,1.0205228310907515,cerca
20,14,4,0.9833549380331181,cerca
20,14,8,0.9844466513303028,cerca
20,15,4,1.020869839226651,cerca
20,15,8,1.023349944760195,cerca
21,0,4,1.0252028537188789,cerca
21,0,8,1.0236666468783944,cerca
21,1,4,1.0187806730067372,cerca
21,1,8,1.0110258990270873,cerca
21,2,4,1.0090905115295918,cerca
21,2,8,1.0042460337530243,cerca
21,3,4,1.0081618176813991,cerca
21,3,8,1.0108852629954732,cerca
21,4,4,1.0193961210273235,cerca
21,4,8,1.0207158072258793,cerca
21,5,4,1.0145863197341063,cerca
21,5,8,1.013098264259099,cerca
21,6,4,1.036905672915025,cerca
21,6,8,1.0358133284605582,cerca
21,7,4,1.0413074271074576,cerca
21,7,8,1.0413128459151089,cerca
21,8,4,1.0038423344668943,cerca
21,8,8,1.0022419556864104,cerca
21,9,4,1.037841967320685,cerca
21,9,8,1.0431506783859932,cerca
21,10,4,1.0162738313589346,cerca
21,10,8,1.0167428972589594,cerca
21,11,4,1.0141256066124817,cerca
21,11,8,1.0086304174801477,cerca
21,12,4,0.9839876648933997,cerca
21,12,8,0.9809511821086483,cerca
21,13,4,1.0356466959128037,cerca
21,13,8,1.0351951642182888,cerca
21,14,4,1.048818841325325,cerca
21,14,8,1.0468286256408847,cerca
21,15,4,1.0165188801120002,cerca
21,15,8,1.0140595282905038,cerca
22,0,4,1.0287989051722877,cerca
22,0,8,1.0326421079951802,cerca
22,1,4,1.0254409603678114,cerca
22,1,8,1.0322162857342643,cerca
22,2,4,1.0010798287144993,cerca
22,2,8,1.0061982943775254,cerca
22,3,4,1.0198499607766571,cerca
22,3,8,1.0205240794716584,cerca
22,4,4,0.997143819193834,cerca
22,4,8,0.9993128532072305,cerca
22,5,4,1.0218541809154391,cerca
22,5,8,1.0269844064910196,cerca
22,6,4,1.0348461563391138,cerca
22,6,8,1.0313247270276433,cerca
22,7,4,1.0108692702250066,cerca
22,7,8,1.0192969133795315,cerca
22,8,4,1.024404445633479,cerca
22,8,8,1.0205948065093597,cerca
22,9,4,1.0310942929425446,cerca
22,9,8,1.024218512000097,cerca
22,10,4,1.0249495677321072,cerca
22,10,8,1.0215862407167664,cerca
22,11,4,1.0208253330219907,cerca
22,11,8,1.0196214343325563,cerca
22,12,4,1.014626825162007,cerca
22,12,8,1.0103779857719588,cerca
22,13,4,1.0293592488816874,cerca
22,13,8,1.0329909713685086,cerca
22,14,4,1.029841272501381,cerca
22,14,8,1.0351552177793415,cerca
22,15,4,1.048888298374658,cerca
22,15,8,1.0508122914508053,cerca
23,0,4,1.0331055130149527,cerca
23,0,8,1.0322726207655755,cerca
23,1,4,1.024723800460159,cerca
23,1,8,1.022917014812988,cerca
23,2,4,1.0077819818593137,cerca
23,2,8,1.0134080404673627,cerca
23,3,4,1.0330623254923896,cerca
23,3,8,1.033305529891774,cerca
23,4,4,1.0261182218048897,cerca
23,4,8,1.0276650332423527,cerca
23,5,4,1.021811707013538,cerca
23,5,8,1.0253847746071612,cerca
23,6,4,1.031878619414813,cerca
23,6,8,1.0268564865535812,cerca
23,7,4,1.0164849665533475,cerca
23,7,8,1.019076535371718,cerca
23,8,4,1.027898643128462,cerca
23,8,8,1.028722946779517,cerca
23,9,4,1.020457825731075,cerca
23,9,8,1.0221124307550447,cerca
23,10,4,1.0329055305313497,cerca
23,10,8,1.0358108437164346,cerca
23,11,4,1.0110471006768749,cerca
23,11,8,1.0084810441730416,cerca
23,12,4,1.0153070933936235,cerca
23,12,8,1.0114088054121628,cerca
23,13,4,1.0332225044960306,cerca
23,13,8,1.0302882748512394,cerca
23,14,4,1.0290329847923656,cerca
23,14,8,1.033693759765173,cerca
23,15,4,1.0478573509625306,cerca
23,15,8,1.0499092207183645,cerca
