capa,cabeza,bits,ph_mejor,comp_unico,comp_min_por_cabeza,muestra_compartida,mejora_relativa,mejora_implementacion_vieja
0,0,4,0.1659716199322131,0.1699874333281355,0.1637241816346054,29,0.023624178077743436,-0.013726978355729214
0,0,8,0.0091149297025199,0.0092131390524867,0.0091075063969326,9,0.01065970560167452,-0.000815075528225993
0,1,4,0.1989936572961472,0.2002327179686469,0.198422557173632,29,0.006188102948758341,-0.002878201604948894
0,1,8,0.0109338986937167,0.0112703843954958,0.0108436916491081,9,0.029855743155803742,-0.008318850030747556
0,2,4,0.2420549809598069,0.2455496114257991,0.238507514182366,29,0.01423187129354593,-0.014873605930622699
0,2,8,0.0132787729686939,0.0137682392508524,0.013123248157451,9,0.03555039052130037,-0.011851091237240484
0,3,4,0.1246713320105898,0.1308367003844861,0.12464503580865,29,0.04712262198433859,-0.00021096870620805193
0,3,8,0.0068449011899733,0.0070100421445015,0.0068538400149024,9,0.02355776914376086,0.0013042068256138037
0,4,4,0.1797389736478594,0.1821046216495188,0.1772766176233807,29,0.012990598372689044,-0.013889908649486438
0,4,8,0.0098269917144864,0.0101110898823169,0.009700981225164,9,0.02809767998673947,-0.012989458117446371
0,5,4,0.1759438920211803,0.1806634230488216,0.1777528855890616,29,0.026123334474659664,0.010177013790163902
0,5,8,0.0096986493195769,0.0101552294303273,0.009725867321251,9,0.04496009803450443,0.002798516654101331
0,6,4,0.1363606424848814,0.141295773517476,0.137285838511315,29,0.03492766209305056,0.006739194926921529
0,6,8,0.0075467878214697,0.0076488130981893,0.00755042576668,9,0.013338706987591726,0.0004818198764836287
0,7,4,0.1244412542559285,0.1283022113313044,0.1238239393850175,29,0.030092677556476884,-0.004985424256221798
0,7,8,0.0068781895214073,0.0067556412845377,0.0067556412845377,9,-0.018140133809367253,-0.018140133809367253
0,8,4,0.1994897985056211,0.2085900440804092,0.2006117374166018,29,0.043627420545920524,0.005592588576464068
0,8,8,0.0110273862479652,0.0113098975381281,0.0110504640617459,9,0.024979120209576915,0.0020884022292411092
0,9,4,0.1962084196959158,0.1986148803500877,0.1951303583316214,29,0.0121162153104046,-0.005524826446852728
0,9,8,0.0108026009840563,0.0108623440368676,0.0107999442568483,9,0.0055000147858075,-0.0002459945296769431
0,10,4,0.1502315616991171,0.1567927841171439,0.1508102414464086,29,0.041846456486956236,0.003837138258923317
0,10,8,0.0082699688823101,0.0084082117810077,0.0082692505359172,9,0.01644141492842265,-8.68695886985898e-05
0,11,4,0.1734067953096971,0.1717183879242208,0.1717183879242208,29,-0.009832420429088733,-0.009832420429088733
0,11,8,0.0095323465821702,0.0097110259703302,0.0094065933571419,9,0.01839964064620089,-0.013368625628195322
1,0,4,0.1927630208038505,0.1955031377418186,0.1913099739195453,17,0.014015718466814096,-0.007595248980151299
1,0,8,0.0105728206598672,0.0107650515212916,0.0105334927668936,17,0.017856938356885482,-0.003733604213144403
1,1,4,0.1747330116942317,0.176110590411059,0.176110590411059,17,0.007822236661701659,0.007822236661701659
1,1,8,0.009567386838128,0.0096523586151844,0.0096523586151844,17,0.008803213851040333,0.008803213851040333
1,2,4,0.184278229066405,0.1871331738675219,0.1836026357798283,17,0.01525621963285894,-0.003679649171196341
1,2,8,0.0101296096462823,0.010310259486638,0.0101142284863106,17,0.01752136700243289,-0.0015207447599702973
1,3,4,0.1634708145460169,0.1661152903923055,0.162591286040506,17,0.015919520954653158,-0.005409444300057917
1,3,8,0.0089951861513472,0.0090564660531841,0.0089451061188135,17,0.006766425389002171,-0.005598595686681652
1,4,4,0.1456513519624909,0.146612093158963,0.1449893739487169,17,0.006552946457359608,-0.004565700200955144
1,4,8,0.0079558377493795,0.0080845683479658,0.0079439534081556,17,0.0159230020757622,-0.001496023530513039
1,5,4,0.1774581126551029,0.1791408171747664,0.1791408171747664,17,0.009393194394228418,0.009393194394228418
1,5,8,0.0098158106904909,0.0099009523611622,0.0098153472835245,17,0.008599341514385994,-4.7212488057203885e-05
1,6,4,0.1725422484640511,0.1747031971564873,0.1712391031567602,17,0.012369256702844172,-0.007610091873104246
1,6,8,0.009484897719913,0.009585849440904,0.0093707711119949,17,0.010531327621340085,-0.012178998564164536
1,7,4,0.133052644074779,0.1348189931569559,0.1348189931569559,17,0.013101633833747192,0.013101633833747192
1,7,8,0.0072755997912092,0.0073474125189052,0.0073474125189052,17,0.009773879921839524,0.009773879921839524
1,8,4,0.1773342129529062,0.1790734163756262,0.1756299512698374,17,0.009712236790478435,-0.009703707543882178
1,8,8,0.009764544480559,0.0097795748603304,0.0096243664083647,17,0.0015369154575796667,-0.014564914327499961
1,9,4,0.1644794254063956,0.1664996307433644,0.1645030992631817,17,0.012133392296122696,0.0001439113116540211
1,9,8,0.0090703067799098,0.009098932898273,0.0090451840649054,17,0.0031460962162533483,-0.0027774686312768662
1,10,4,0.1518215603602969,0.1555952709212889,0.1529877658876276,17,0.02425337568839736,0.007622867884660204
1,10,8,0.0083047804033196,0.0085186339117946,0.0084016274849718,17,0.02510420223351844,0.011527181111687467
1,11,4,0.1744312329791936,0.1768296122164882,0.1714668889504406,17,0.013563221720796,-0.017288142608161496
1,11,8,0.0095983973102667,0.0097265746123908,0.009499565011783,17,0.013178051599050462,-0.01040387621550153
2,0,4,0.1563842097224884,0.1564651554324624,0.15621597145226,14,0.000517340169127529,-0.0010769594726095229
2,0,8,0.0086250582311309,0.0087770742323527,0.0085378646755408,30,0.01731966680439617,-0.010212571749923882
2,1,4,0.1801382452139427,0.1802856050553559,0.1790930929247389,14,0.0008173688707312849,-0.005835804564741101
2,1,8,0.0098519337862944,0.0100530087812776,0.0097969233766344,30,0.020001474121625788,-0.0056150699097228095
2,2,4,0.1726930048388595,0.1760289780129689,0.1725317921838323,14,0.01895127274932901,-0.0009343939049530146
2,2,8,0.009476107852045,0.0095933795392473,0.0094527864370977,30,0.012224230962877326,-0.002467147131958335
2,3,4,0.1500590731131335,0.1526724295524146,0.150131489340138,14,0.017117409128436775,0.00048235201903880305
2,3,8,0.0082108987934382,0.0083990117259035,0.0082587887069965,30,0.022397031770433014,0.005798660706470244
2,4,4,0.1779402157109708,0.1811609407719235,0.1776390084641878,14,0.017778253122495632,-0.0016956143213540408
2,4,8,0.009787914080818,0.0096933260768883,0.0096933260768883,30,-0.009758054477835546,-0.009758054477835546
2,5,4,0.1676400393773578,0.1703211572591653,0.166757036184702,14,0.015741543358162115,-0.0052951480360791305
2,5,8,0.0091939282954502,0.0093571598122127,0.009161213137925,30,0.017444557968268905,-0.003571050802187786
2,6,4,0.1546988249775893,0.1575665253499443,0.1520366186089185,14,0.018199934065855964,-0.01751029714439218
2,6,8,0.0084685463415743,0.0085970485506797,0.0083515172337045,30,0.014947247110200294,-0.014012915808579393
2,7,4,0.1658654306281407,0.1680969474525548,0.1670287561575987,14,0.013275177558140684,0.006964821843972656
2,7,8,0.0091196938004723,0.009300939902561,0.0091429671714727,30,0.01948685874626434,0.0025454943197233994
2,8,4,0.1787760094327825,0.1863950985007005,0.1776402820920126,14,0.04087601621074476,-0.006393411040529722
2,8,8,0.0097955615028853,0.0100881973238926,0.009724207609166,30,0.029007741582753283,-0.007337759186881561
2,9,4,0.1614509367115289,0.1661430824308315,0.1613208288990838,14,0.02824159544082148,-0.0008065158934094749
2,9,8,0.008861143545279,0.0091875448711278,0.0088669423765629,30,0.03552650141329157,0.0006539831925859952
2,10,4,0.1889579476126416,0.190412220799804,0.1899499302415835,14,0.007637499216457328,0.005222337421657752
2,10,8,0.0103378372998806,0.0104937779352204,0.0104660843996158,30,0.01486029495787352,0.012253589292659139
2,11,4,0.1760517155836885,0.1804616977904742,0.1740616227799852,14,0.024437219979532205,-0.011433265828038457
2,11,8,0.0096948251927136,0.0099231000956042,0.0095443330233964,30,0.023004393857895686,-0.015767698900309962
3,0,4,0.1667346779610171,0.1710818997628977,0.1682019296188681,22,0.025410179615175037,0.008723155918458675
3,0,8,0.0091634250299923,0.0093901973799252,0.0092280948127384,22,0.024149902367090272,0.007007923526840088
3,1,4,0.1549731501652453,0.1563276894176817,0.1561319036067913,22,0.008664742999029997,0.007421631420470326
3,1,8,0.0085038494743968,0.0085916751478343,0.0085812472640245,22,0.010222182743913228,0.009019410261277252
3,2,4,0.1659165224209512,0.1699634538379238,0.1666972929149918,22,0.023810597664317472,0.004683762287842061
3,2,8,0.0090752603117149,0.009333711751062,0.0091119299415908,22,0.0276901029558464,0.00402435379891621
3,3,4,0.1593279835829387,0.1606123647253028,0.1599002605778504,22,0.007996776241734477,0.0035789622408593114
3,3,8,0.0087365285994125,0.0087946130225515,0.0087755626218764,22,0.00660454564516469,0.004448036455986742
3,4,4,0.184735501799666,0.1851091287196426,0.1845342484574938,22,0.002018414340561713,-0.001090601575883347
3,4,8,0.0101417201061555,0.0101446306598214,0.0101372358039598,22,0.0002869058286595746,-0.000442359463903182
3,5,4,0.1785853751258514,0.1841837308545048,0.1811079257100044,22,0.030395495316987504,0.013928438384260302
3,5,8,0.0098055193324584,0.0101208283804252,0.009933431899245,22,0.031154470376816477,0.012876976263996085
3,6,4,0.1638658587822215,0.1641083624505286,0.1638095484321995,22,0.0014777045160034759,-0.0003437549920682554
3,6,8,0.0089667528270773,0.0090757144302984,0.0089407115138311,22,0.012005843072512441,-0.0029126667610195655
3,7,4,0.1776449191633619,0.1846738766693363,0.1762247753394493,22,0.03806146073686398,-0.008058706962043602
3,7,8,0.0097869961672833,0.0101250585888609,0.009689653165085,22,0.03338868793801558,-0.010046077041132633
3,8,4,0.1615686707199327,0.1653910778185836,0.1627299323147184,22,0.023111325889318326,0.007136127805546226
3,8,8,0.0088843054040245,0.0090402973095726,0.0089081703854199,22,0.01725517427208092,0.0026789992066677307
3,9,4,0.1600124982817226,0.1646647312194572,0.1624972642407912,22,0.02825275882261847,0.015291124873257152
3,9,8,0.0088142886816652,0.0090389162052084,0.0088875509882097,22,0.024851156758568596,0.008243250209387407
3,10,4,0.1732704062292404,0.1763625885873427,0.1745002858008753,22,0.01753309691624825,0.007048008924399861
3,10,8,0.0095250813475845,0.0096572841336883,0.0095414475194661,22,0.013689437348397558,0.001715271382901796
3,11,4,0.1695822982618336,0.1715289505887748,0.1704126936342543,22,0.011348826657303543,0.004872849285528652
3,11,8,0.0093029332655172,0.0094033304565949,0.009344757002408,22,0.010676769421337164,0.0044756366463057995
4,0,4,0.1580372717570259,0.1612421841384011,0.1596001110854337,5,0.019876389038642018,0.00979221955284997
4,0,8,0.0087044218381088,0.0089171018216521,0.0087688874810609,27,0.02385079679441151,0.007351633042542084
4,1,4,0.1634222601753727,0.1682387502094396,0.1638687107960537,5,0.02862889808721754,0.002724440916830263
4,1,8,0.0090262123019346,0.0091627738249592,0.0090033193538224,27,0.014903950008305421,-0.0025427231016170284
4,2,4,0.1752492814673397,0.1776734001047702,0.1765413318084107,5,0.013643677871876427,0.007318684683273917
4,2,8,0.0095893444304456,0.0097859314308096,0.0096422293049486,27,0.020088736749684616,0.0054847144607790485
4,3,4,0.1827827955585589,0.1822331068233642,0.180057134788011,5,-0.0030164043448345987,-0.015137754878510823
4,3,8,0.0100369909762117,0.0100891252638253,0.0099689562547989,27,0.005167374400685325,-0.006824658437040485
4,4,4,0.1606704314575607,0.1592909213789051,0.1592909213789051,5,-0.008660318282509922,-0.008660318282509922
4,4,8,0.0088354816888065,0.0089907454678996,0.0087460583268792,27,0.017269288697744932,-0.010224418656399349
4,5,4,0.1637868946191853,0.1668959640111994,0.1632318259332591,5,0.01862878716351389,-0.0034004930273410566
4,5,8,0.009007498511287,0.0091792935811849,0.0089372395599047,27,0.01871550009578456,-0.007861370494923674
4,6,4,0.1610529846710081,0.1632560983736112,0.1619805163447356,5,0.013494832502742412,0.00572619284503006
4,6,8,0.0088279200934417,0.0090632462735054,0.008911188735922,27,0.025964888624027425,0.009344279977444038
4,7,4,0.1649094159088035,0.1676698283093026,0.1653845355441118,5,0.01646338180419037,0.0028728177864101256
4,7,8,0.0090392378121072,0.0091781879334166,0.0090474368644829,27,0.01513916715558864,0.0009062292999121443
4,8,4,0.1786907775310014,0.178746643359345,0.1776679302628871,5,0.0003125419716626164,-0.0057570731341376104
4,8,8,0.0097622578620906,0.009915790376373,0.0097383678282736,27,0.015483638565840521,-0.0024531866364340335
4,9,4,0.1717436614336162,0.1793847267549323,0.1693348053557554,5,0.04259596376761222,-0.01422540435677133
4,9,8,0.0094267474853099,0.0094679921567241,0.0093305794445922,27,0.004356221544280422,-0.01030675975578747
4,10,4,0.1746471411820542,0.1758363190485134,0.1743417221731401,5,0.00676298203291608,-0.0017518411835510418
4,10,8,0.0096036065471204,0.0096471172224193,0.0095424550307144,27,0.004510225624478171,-0.006408363068955645
4,11,4,0.1613849386154874,0.162598710406171,0.1613043134017424,5,0.0074648303645927245,-0.000499832968162424
4,11,8,0.0088683889870759,0.008820055532831,0.008820055532831,27,-0.00547994897140812,-0.00547994897140812
5,0,4,0.1682059971327292,0.1736240187787134,0.1684988183976698,12,0.031205484610338008,0.0017378238478178275
5,0,8,0.0092222046339054,0.0095347197205558,0.009227324556197,12,0.032776536260069794,0.0005548653090523232
5,1,4,0.1730072382986316,0.1747293327768331,0.1733014251722568,12,0.009855783518620757,0.00169754445661822
5,1,8,0.0095186515363994,0.0095894395129726,0.00948726600138,12,0.0073818679889933085,-0.003308174875125787
5,2,4,0.171964724677291,0.1740617123800378,0.1721774512662679,12,0.01204738063341776,0.0012355078287687225
5,2,8,0.0094417060622554,0.0095265958747041,0.009496576296493,12,0.008910823295665043,0.0057778964254584205
5,3,4,0.1703524867783342,0.172669933432033,0.1710895097400039,12,0.013421251793155944,0.004307820875690794
5,3,8,0.0093727722531971,0.0094833316862245,0.0093981277275892,12,0.011658290217561285,0.0026979282605051266
5,4,4,0.1624016268506192,0.1664643864839285,0.1634449200108819,12,0.024406179118087443,0.006383148281349044
5,4,8,0.0089309492419416,0.009110430750752,0.0089678288645432,12,0.019700661112602783,0.004112436037602633
5,5,4,0.1635917419583053,0.1650209997465651,0.1638149643777654,12,0.008661066109493923,0.0013626497451437877
5,5,8,0.0089769729588995,0.0090776009561669,0.0089723140495127,12,0.011085307423547772,-0.0005192539361740988
5,6,4,0.1634024248312335,0.1650600116985787,0.1610930820294993,12,0.010042328546372478,-0.01433545607694881
5,6,8,0.008939749983196,0.0090647211164414,0.0088684981173432,12,0.013786539226091452,-0.008034265205904554
5,7,4,0.1627958349026081,0.1648275804338394,0.1623044175055343,12,0.012326490056358245,-0.0030277512135925434
5,7,8,0.0089333914828975,0.0090819943230655,0.0089473288537912,12,0.016362357746755343,0.001557713047262609
5,8,4,0.1654525978844475,0.1679370265557849,0.1660975376970686,12,0.014793811241573588,0.003882898094475936
5,8,8,0.0090331873364581,0.0092577435281027,0.0091305122976369,12,0.024256039386156933,0.010659310015275713
5,9,4,0.1726703438667003,0.1758530395649758,0.1715732293201514,12,0.018098610670300837,-0.0063944389861760485
5,9,8,0.0094547194369162,0.0096821978037743,0.0093941938883196,12,0.02349449695909183,-0.006442867724058206
5,10,4,0.1667947076131692,0.166520408710105,0.166506442120736,12,-0.0016472389492011845,-0.0017312572940821247
5,10,8,0.0091644693563559,0.0091333852144742,0.0091333852144742,12,-0.0034033538662574902,-0.0034033538662574902
5,11,4,0.168534005762371,0.1702392665664262,0.1665369075631627,12,0.010016847690011894,-0.011991925564312817
5,11,8,0.0092166503332446,0.0093303749445031,0.0091385266592522,12,0.012188643214761615,-0.008548825965649947
6,0,4,0.1686641491422827,0.1690605570213199,0.1682474045051422,12,0.0023447685611683003,-0.002476975132937439
6,0,8,0.0092677283410073,0.0093810652169567,0.009262026614852,21,0.012081450595241426,-0.000615602436960878
6,1,4,0.1615569893009785,0.1628087047984288,0.1606524754902064,12,0.0076882590460996625,-0.005630251311174177
6,1,8,0.0088606030018028,0.0089391271130487,0.0087792663705074,21,0.008784315319923765,-0.009264627346157179
6,2,4,0.167737110470952,0.1699445835912616,0.1680306519299547,12,0.01298937026212536,0.0017469518545049209
6,2,8,0.0091808619248756,0.0093643111094455,0.0092288519920504,21,0.019590248810172493,0.005200003989243504
6,3,4,0.1617196719265963,0.16596655431038,0.1626790300059146,12,0.02558878444774742,0.005897244895567766
6,3,8,0.0088767757243863,0.0091197669942498,0.0089152177552002,21,0.026644460326312285,0.004311956462474333
6,4,4,0.1773355265886093,0.1793387869000952,0.1758737882670704,12,0.011170256842441238,-0.00831129150023878
6,4,8,0.009737619094093,0.0096850823475644,0.0096636304478643,21,-0.005424501789787246,-0.007656402697502917
6,5,4,0.1637258246566654,0.1647404245692209,0.1625393086149638,12,0.006158779274780637,-0.007299871346889556
6,5,8,0.0089895144067069,0.0091728312067058,0.0089413198375677,21,0.019984756709017608,-0.005390095647479858
6,6,4,0.1696518019686885,0.1720730271592574,0.169042203752791,12,0.01407091646227619,-0.003606189474369333
6,6,8,0.0093290684129404,0.0094634496387781,0.0092933928190785,21,0.01420002546291897,-0.0038388126442541783
6,7,4,0.1672709338146809,0.1710835792157463,0.1673077418042192,12,0.022285279619135394,0.00022000171146523706
6,7,8,0.0092138966277718,0.0092069046529145,0.0091933560039969,21,-0.0007594273125319084,-0.0022342900422838772
6,8,4,0.161169359855853,0.1641280926234116,0.1597126754891691,12,0.018026973446571032,-0.009120655966862843
6,8,8,0.0088165068268642,0.0089171009707545,0.0087952547225691,21,0.0112810367652244,-0.0024163148158251363
6,9,4,0.1752847336415693,0.1787354612210874,0.1742917459175784,12,0.019306339972736165,-0.005697273377825213
6,9,8,0.0096088309161212,0.0097942892171668,0.0095700302730305,21,0.018935350685840478,-0.004054390841379643
6,10,4,0.1841330592535227,0.1856625130386285,0.1837967809004768,12,0.008237816886533177,-0.001829620472123411
6,10,8,0.0101329352302622,0.0100913467484713,0.0100913467484713,21,-0.004121202335773572,-0.004121202335773572
6,11,4,0.1735714797855228,0.173908921761233,0.1732322552006437,12,0.0019403373460821609,-0.0019582068275113477
6,11,8,0.0094892565876071,0.0097441976449824,0.0095073281212463,21,0.026163370927372132,0.0019008004571563352
7,0,4,0.1702927092600076,0.1714420284702793,0.1714420284702793,4,0.006703835812762454,0.006703835812762454
7,0,8,0.0093263220402501,0.0094034658710688,0.0094034658710688,4,0.008203765704732878,0.008203765704732878
7,1,4,0.1710024820717099,0.1707787477182668,0.1694114011495152,4,-0.0013100831129890076,-0.00939181726494597
7,1,8,0.0094026506618944,0.0093746013272978,0.0092980157384099,4,-0.002992056261093936,-0.01125346809774212
7,2,4,0.1720764304069136,0.1736491780252695,0.1731919459063448,4,0.009057040385915566,0.006440920180170664
7,2,8,0.0094632185532015,0.0095688982387609,0.0095100578264174,4,0.011044080825451937,0.004925235374046758
7,3,4,0.1650471301655232,0.1687810545092296,0.1653697536774608,4,0.0221228878712937,0.0019509221291267472
7,3,8,0.0090736297610055,0.0092500178417072,0.0090924882658646,4,0.01906894491666684,0.002074075248455383
7,4,4,0.1703846641676801,0.1722901519719235,0.1698390227870298,4,0.011059760424112325,-0.003212697363046602
7,4,8,0.0093292795968074,0.0094437444300117,0.0093297176397102,4,0.012120704245292538,4.6951356912999736e-05
7,5,4,0.1706436119468395,0.1727279899615484,0.1714598182878528,4,0.012067401555317754,0.004760335973545933
7,5,8,0.0093890372416562,0.0094556436402332,0.0094173739589748,4,0.0070440893408454585,0.0030089829120139872
7,6,4,0.1708567465516386,0.1742678178423682,0.1703119019469689,4,0.01957373043951831,-0.003199098820699822
7,6,8,0.0093858447932758,0.0095704613109184,0.00934762856613,4,0.019290242303365318,-0.00408833394217986
7,7,4,0.1744303896979456,0.1763964234382559,0.1741947261392229,4,0.011145541967286331,-0.0013528742456551353
7,7,8,0.0095205890355307,0.0097230836635589,0.009561733655704,4,0.020826173571572622,0.004303050226540968
7,8,4,0.1701508952442861,0.1736371467386576,0.1722084280095981,4,0.020077797636347317,0.011947921417628479
7,8,8,0.0093306784612672,0.0095520495480206,0.0094542082867083,4,0.02317524481426841,0.013066120577729476
7,9,4,0.1702402861320976,0.1735118210981191,0.1714713758613936,4,0.01885482467601724,0.007179564070746926
7,9,8,0.0093526020282607,0.0095361611380511,0.0094348488718683,4,0.019248742458636,0.008717346162569023
7,10,4,0.1737225989301474,0.1751412986298119,0.1742121412130877,4,0.008100315064256368,0.002810035394384527
7,10,8,0.0095431215321111,0.0096206237217694,0.0095511355570916,4,0.008055838363465857,0.0008390651491225694
7,11,4,0.1551740152227229,0.1602897606931433,0.1567477081680462,4,0.031915609882367475,0.010039655212286622
7,11,8,0.0084870066524235,0.008748282495459,0.008615255554062,4,0.029865958623434993,0.014886256226959074
8,0,4,0.1686977635988808,0.1720905717065191,0.1664073851913216,13,0.01971524688420661,-0.01376368245271043
8,0,8,0.0092640418549975,0.0094115683390583,0.0091804322255154,13,0.01567501597460215,-0.009107373969792179
8,1,4,0.1669555069012201,0.1694337853544318,0.1662730716327025,13,0.014626825742147463,-0.004104304213643847
8,1,8,0.0091774961137123,0.0093103990123356,0.0091693112676019,13,0.01427467270169765,-0.0008926347761057896
8,2,4,0.1726545522521534,0.1718050739896651,0.1716975351006446,13,-0.004944430584974434,-0.005573854924287827
8,2,8,0.0094625829625574,0.0094337487406218,0.0093828810763208,13,-0.003056496704373719,-0.008494393735602346
8,3,4,0.1739032830277958,0.1782832290868684,0.174155697472292,13,0.024567347593521822,0.0014493608200004775
8,3,8,0.0095463524238374,0.0097747184304554,0.009516448725537,13,0.02336292428705394,-0.003142316967479089
8,4,4,0.1709353855204683,0.1746186071776792,0.171656236487514,13,0.02109295061243463,0.0041993869945885845
8,4,8,0.0093804346112592,0.009634937055329,0.0094447677903303,13,0.02641454143481271,0.006811515168955771
8,5,4,0.1711661510883895,0.1748676435329793,0.1694151929159537,13,0.02116739477816373,-0.010335307845173348
8,5,8,0.0093914481623964,0.0095781959985429,0.0092637735967364,13,0.01949718257748219,-0.013782133633423463
8,6,4,0.1730059769599241,0.1758561183606626,0.1742476216603996,13,0.016207234796876132,0.007125748338163285
8,6,8,0.0094671943150504,0.0095828530039866,0.0095452442119501,13,0.012069337689734312,0.008176836041762532
8,7,4,0.1701690482805292,0.1718410780659866,0.171535298139847,13,0.00973009366721592,0.00796483216068998
8,7,8,0.0093829379700268,0.0094549167695642,0.0093950671475214,13,0.007612843274210845,0.0012910155195431613
8,8,4,0.1756112663511793,0.1777175387905809,0.1744787876659553,13,0.01185179838599714,-0.0064906382052136455
8,8,8,0.0096212156036024,0.0096711282988221,0.0096394240736278,13,0.005161000213985329,0.0018889582911096306
8,9,4,0.1728898777165587,0.1757245281034714,0.1731237340507768,13,0.016131216384565113,0.0013508045878303006
8,9,8,0.0094740723027099,0.0096459977267073,0.0095072773407977,13,0.017823498291045833,0.0034925917165906433
8,10,4,0.1701814991371856,0.1721015283948188,0.1703394808319921,13,0.011156375399691023,0.0009274520154391622
8,10,8,0.009358094462329,0.0094564060847716,0.0093357634621392,13,0.010396298716583081,-0.002391984359968249
8,11,4,0.170215888090507,0.1709324365232881,0.1709324365232881,13,0.00419199800433124,0.00419199800433124
8,11,8,0.009360387882514,0.0094496956128425,0.0093657316157941,13,0.00945085788870561,0.0005705622901993032
9,0,4,0.1759024675970641,0.180236345104013,0.1762859670997433,16,0.024045524804932467,0.002175439764086427
9,0,8,0.009693780116522,0.0099007519253143,0.0096890481689238,21,0.020904655560868464,-0.0004883810582525254
9,1,4,0.1697480500592247,0.1741305564332549,0.1704620186644593,16,0.025167934128264503,0.004188432184649949
9,1,8,0.0093381856398822,0.0094988762446712,0.0093397434507486,21,0.016916801593151207,0.00016679375344881217
9,2,4,0.1697641609731052,0.1713201322635191,0.1686082295472029,16,0.009082244274832566,-0.0068557236441338845
9,2,8,0.0093252572784501,0.0092783349420542,0.0092783349420542,21,-0.005057193633226591,-0.005057193633226591
9,3,4,0.1721285351791124,0.1744086209404125,0.1719053264792413,16,0.013073240009615825,-0.0012984396960965265
9,3,8,0.0094880050644665,0.0094706808862625,0.0094046320096683,21,-0.0018292431570712353,-0.008865105483392612
9,4,4,0.1721360704400256,0.1727175676783413,0.1726734298720293,16,0.00336675212679368,0.0031119983682604928
9,4,8,0.009459377933855,0.0094904636429708,0.0094516100237074,21,0.0032754679102346205,-0.000821861050986657
9,5,4,0.1712665707555687,0.1713782965746285,0.1710701145768258,16,0.0006519251345875467,-0.0011483956693947655
9,5,8,0.009400867807026,0.0094511892282161,0.0093917743189422,21,0.005324348076733754,-0.0009682396291678524
9,6,4,0.170232126103526,0.1726782151422302,0.1706343886052076,16,0.014165591396050836,0.002357452709091975
9,6,8,0.0093377375777451,0.0094685962493537,0.009360558187871,21,0.013820282137125838,0.0024379539839268546
9,7,4,0.1717481356458695,0.1772723703123383,0.1731912045548014,16,0.031162412149934017,0.008332229760982326
9,7,8,0.0094143081379171,0.0095003708538851,0.00949704593695,21,0.009058879626031318,0.008711951019526336
9,8,4,0.1697211254687655,0.1703004943279682,0.1697892659806581,16,0.003402038622899974,0.0004013240265752036
9,8,8,0.0093069789493753,0.0095526565331668,0.0093050737561575,21,0.025718247373231622,-0.0002047477825244133
9,9,4,0.1683966781805126,0.1684080418007147,0.1670744234939596,16,6.747670764763996e-05,-0.007914165788522434
9,9,8,0.0092449524227242,0.0094735026458199,0.0091566093720113,21,0.02412520813476998,-0.009648009118193414
9,10,4,0.171241729236216,0.1747624766114023,0.1710212327465859,16,0.020145899986385177,-0.001289293066649952
9,10,8,0.0093906559728102,0.0095590768684722,0.0093997799649364,21,0.017618949819044438,0.0009706601814335281
9,11,4,0.1712217150620889,0.1723167673721095,0.1708337093205152,16,0.006354879601796931,-0.002271248122615652
9,11,8,0.0093973523501001,0.0093461015196737,0.0093461015196737,21,-0.0054836586483160785,-0.0054836586483160785
10,0,4,0.1803972154902553,0.1824597144219395,0.1797209053409117,19,0.011303859255828129,-0.003763113412213882
10,0,8,0.0099090732333518,0.010020682878742,0.0098990512650706,19,0.011137928097392448,-0.001012417050163566
10,1,4,0.1718228284685908,0.1754797224915232,0.172301396968849,19,0.02083941079351235,0.002777507952211964
10,1,8,0.009480546056722,0.0096137256063033,0.0094763293343172,19,0.013853063321672037,-0.00044497423591329134
10,2,4,0.1707637948559628,0.1743092626115526,0.1714538457467719,19,0.020340099559085785,0.004024703486839594
10,2,8,0.0093916077965956,0.0095535037827512,0.0093917636577168,19,0.016946241906336257,1.6595511437542452e-05
10,3,4,0.1691063122131514,0.1718076735358828,0.1691010457706701,19,0.015723170374967094,-3.114376056814907e-05
10,3,8,0.0092898527419947,0.0094697942685681,0.009274499218596,19,0.01900162996894853,-0.0016554557865416024
10,4,4,0.171392232435833,0.1752875612226994,0.1692755589575483,19,0.022222505462994434,-0.01250430653615803
10,4,8,0.0093771631201652,0.0096453253086844,0.0092853293461173,19,0.02780229592440543,-0.00989020104992836
10,5,4,0.1690625708694773,0.1712282903167212,0.1689556310129927,19,0.012648140346656412,-0.0006329463886075176
10,5,8,0.0093326701632788,0.0094283772274661,0.0092772042634618,19,0.01015095831215713,-0.0059787300399810955
10,6,4,0.1681552717113304,0.1703422669605628,0.1692644337253829,19,0.012838829071933799,0.00655283564090036
10,6,8,0.0092092868848713,0.0093713929048003,0.0092733592707959,19,0.017297964302186542,0.0069092961950023265
10,7,4,0.169681352659487,0.1716148457886153,0.1700800026295523,19,0.01126646777114993,0.002343896777410087
10,7,8,0.0093191560736472,0.0094137360156712,0.0092961893079017,19,0.010047014476139001,-0.0024705570190978856
10,8,4,0.1700150127028479,0.1697139959110879,0.1697139959110879,19,-0.0017736709936268706,-0.0017736709936268706
10,8,8,0.0092988727514223,0.0093205469867697,0.0093205469867697,19,0.0023254252543509447,0.0023254252543509447
10,9,4,0.1691630647380063,0.1700911694453015,0.1700911694453015,19,0.005456513176562471,0.005456513176562471
10,9,8,0.0092793447476564,0.0093553093311316,0.0093553093311316,19,0.008119943530077958,0.008119943530077958
10,10,4,0.1710994736915549,0.1720866534375246,0.1699764527356334,19,0.005736527070811445,-0.006606920769597188
10,10,8,0.009407017100657,0.0094031968703791,0.009350252052129,19,-0.00040626930719007303,-0.006070964527108607
10,11,4,0.1718437443356909,0.1747395905103207,0.1702796679501593,19,0.01657235298636431,-0.009185338474992845
10,11,8,0.0094227753604572,0.0096059139858481,0.0093436321106314,19,0.019065195218352843,-0.008470287452322737
11,0,4,0.1699435033715567,0.169624104562347,0.1685954608580323,25,-0.0018829800754662177,-0.007995722462893266
11,0,8,0.0093074131719814,0.0093823380362944,0.0092289551183472,17,0.007985734901382012,-0.008501293226383188
11,1,4,0.170833680187867,0.1721651419504805,0.1700650912120033,25,0.007733631486195224,-0.004519381199199537
11,1,8,0.0093728580770988,0.0094452833794566,0.0093532408627088,17,0.007667880300481382,-0.0020973708127429466
11,2,4,0.170428474300595,0.171244508845941,0.1685370755558319,25,0.004765318028855172,-0.01122244905772398
11,2,8,0.0093168077449454,0.0094774811057057,0.0092376077852085,17,0.01695317130873207,-0.008573643910679631
11,3,4,0.1678235346830867,0.1712993034091479,0.1668403888597502,25,0.020290617982020264,-0.005892732749280245
11,3,8,0.0092036145118724,0.0093193347373806,0.00915517318924,17,0.012417219551524129,-0.0052911421369212785
11,4,4,0.1695076556651396,0.1720554561018622,0.1705528665195341,25,0.01480801884721541,0.006128368732370769
11,4,8,0.0092966323054965,0.0094631139865443,0.0093430358820908,17,0.017592695309865375,0.004966648654667748
11,5,4,0.1693043077721024,0.1700315467882873,0.168212533232085,25,0.004277082870335926,-0.006490447049573138
11,5,8,0.0092688339595084,0.0093639884298165,0.0092593859637478,17,0.010161745822443792,-0.0010203695793209815
11,6,4,0.1693921313207666,0.1712365122227502,0.1707790559919483,25,0.010770955785319577,0.008121163705501843
11,6,8,0.0093276275795665,0.0093806785814218,0.0093715405899451,17,0.0056553480001292475,0.004685783512021004
11,7,4,0.1702110212455951,0.1726121020384845,0.170838693259102,25,0.013910269120957061,0.003674062365689936
11,7,8,0.0093626609470354,0.009477944489347,0.0093705870868348,17,0.01216334854473742,0.0008458530640556584
11,8,4,0.160680454600109,0.1641461169199694,0.1627102854681702,25,0.021113276298519477,0.01247512326722761
11,8,8,0.0088522590129472,0.0089989654708562,0.0089428824052886,17,0.016302591490557444,0.010133577546296258
11,9,4,0.1580623950241774,0.1608647662556069,0.1588726696765082,25,0.017420665175223286,0.005100151297140391
11,9,8,0.0086680910092668,0.0088266310227542,0.0087237457920983,17,0.01796155442305205,0.006379688743556711
11,10,4,0.1675663377145862,0.1689537508309473,0.1671774150653437,25,0.008211792336882281,-0.0023264066446444984
11,10,8,0.0092315961973921,0.0091908773214577,0.0091688618973811,17,-0.004430357898405925,-0.0068421032744444815
11,11,4,0.1683195537579396,0.1719133725934994,0.1693561429369089,25,0.020904824222474014,0.006120765157927894
11,11,8,0.0092314831660939,0.009449766166653,0.0093012293270725,17,0.023099301793243675,0.007498595994789123
